{
  "timestamp": "2025-08-12T15:05:33.587180",
  "target_data_count": 10000,
  "predictions": {
    "stopword_temizleme": {
      "predicted_duration": 0.03791956594662128,
      "predicted_memory": 0.0009447776990297822,
      "confidence_min": 0.03248064211086688,
      "confidence_max": 0.04335848978237567,
      "estimated_minutes": 0.0006319927657770213,
      "estimated_hours": 1.0533212762950355e-05
    },
    "elasticsearch_arama": {
      "predicted_duration": 307.9026937484741,
      "predicted_memory": 1.6953309057013266,
      "confidence_min": 307.8965574502945,
      "confidence_max": 307.90883004665375,
      "estimated_minutes": 5.131711562474568,
      "estimated_hours": 0.08552852604124281
    },
    "ml_veri_yukleme": {
      "predicted_duration": 0.0,
      "predicted_memory": 1.203138062110619,
      "confidence_min": 0,
      "confidence_max": 0.0,
      "estimated_minutes": 0.0,
      "estimated_hours": 0.0
    },
    "ml_metin_temizleme": {
      "predicted_duration": 205.9825261433919,
      "predicted_memory": 0.08854262794753473,
      "confidence_min": 205.98210318883258,
      "confidence_max": 205.98294909795123,
      "estimated_minutes": 3.433042102389865,
      "estimated_hours": 0.05721736837316442
    },
    "ml_model_yukleme": {
      "predicted_duration": 0.0,
      "predicted_memory": 0.07291745830973448,
      "confidence_min": 0,
      "confidence_max": 0.0,
      "estimated_minutes": 0.0,
      "estimated_hours": 0.0
    },
    "ml_benzer_soru_bulma": {
      "predicted_duration": 16.595787472195095,
      "predicted_memory": 0.1093761874646017,
      "confidence_min": 16.590589589542812,
      "confidence_max": 16.600985354847378,
      "estimated_minutes": 0.27659645786991827,
      "estimated_hours": 0.004609940964498638
    }
  },
  "analysis_results": {
    "stopword_temizleme": {
      "data_count": 215,
      "avg_duration": 0.0008152706678523574,
      "min_duration": 0.0,
      "max_duration": 0.010877847671508789,
      "total_duration": 0.17528319358825684,
      "avg_memory": 0.00023619186046511628,
      "performance_per_item": 3.7919565946621275e-06,
      "measurement_count": 215
    },
    "elasticsearch_arama": {
      "data_count": 2,
      "avg_duration": 0.061580538749694824,
      "min_duration": 0.05544424057006836,
      "max_duration": 0.06771683692932129,
      "total_duration": 0.12316107749938965,
      "avg_memory": 0.423828125,
      "performance_per_item": 0.030790269374847412,
      "measurement_count": 2
    },
    "ml_veri_yukleme": {
      "data_count": 3,
      "avg_duration": 0.0,
      "min_duration": 0.0,
      "max_duration": 0.0,
      "total_duration": 0.0,
      "avg_memory": 0.30078125,
      "performance_per_item": 0.0,
      "measurement_count": 3
    },
    "ml_metin_temizleme": {
      "data_count": 3,
      "avg_duration": 0.06179475784301758,
      "min_duration": 0.06126737594604492,
      "max_duration": 0.062113285064697266,
      "total_duration": 0.18538427352905273,
      "avg_memory": 0.022135416666666668,
      "performance_per_item": 0.02059825261433919,
      "measurement_count": 3
    },
    "ml_model_yukleme": {
      "data_count": 3,
      "avg_duration": 0.0,
      "min_duration": 0.0,
      "max_duration": 0.0,
      "total_duration": 0.0,
      "avg_memory": 0.018229166666666668,
      "performance_per_item": 0.0,
      "measurement_count": 3
    },
    "ml_benzer_soru_bulma": {
      "data_count": 3,
      "avg_duration": 0.004978736241658528,
      "min_duration": 0.0,
      "max_duration": 0.01039576530456543,
      "total_duration": 0.014936208724975586,
      "avg_memory": 0.02734375,
      "performance_per_item": 0.0016595787472195095,
      "measurement_count": 3
    }
  }
}